,owner,repository_name,language,size,watchers_count,forks_count,visibility,forks,watchers
0,nasa,1d-pinn-reconstruction,Jupyter Notebook,39122,6,4,public,4,6
1,nasa,889-Compliance-SAM-Tool-,Python,267,2,0,public,0,2
2,nasa,abaverify,Python,183,30,19,public,19,30
3,nasa,ACCoRD,,0,2,0,public,0,2
4,nasa,ADOPT,Python,3368,17,10,public,10,17
5,nasa,aerie,,0,1,0,public,0,1
6,nasa,AGTF30,MATLAB,386,25,24,public,24,25
7,nasa,airfoil-learning,Python,2974,20,7,public,7,20
8,nasa,aladyn,,4607,3,3,public,3,3
9,nasa,aladynpi,,8335,4,2,public,2,4
10,nasa,AmesGCM,Fortran,227646,5,1,public,1,5
11,nasa,AMMPER,,0,2,0,public,0,2
12,nasa,Analysis_SDK,,0,2,0,public,0,2
13,nasa,aos-dr,C,1162,7,3,public,3,7
14,nasa,api-docs,SCSS,84042,388,117,public,117,388
15,nasa,api-docs-stage,,9769,4,2,public,2,4
16,nasa,apod-api,Python,944,682,143,public,143,682
17,nasa,AppEEARS-Data-Resources,Jupyter Notebook,32357,4,2,public,2,4
18,nasa,AprilNav,C++,1041,60,15,public,15,60
19,nasa,AQUAMI-TGO,Python,380,3,0,public,0,3
20,nasa,ARC-SGE-interns-19,CSS,9,5,2,public,2,5
21,nasa,ASDC_DAAC_TUTORIALS,,1,3,0,public,0,3
22,nasa,ASDC_Data_and_User_Services,Jupyter Notebook,16028,8,5,public,5,8
23,nasa,astrobee,C++,495321,850,286,public,286,850
24,nasa,astrobee_android,Java,106819,99,50,public,50,99
25,nasa,astrobee_gds,Java,322278,17,11,public,11,17
26,nasa,astrobee_media,CMake,76618,8,17,public,17,8
27,nasa,astrobot,JavaScript,4016,72,41,public,41,72
28,nasa,atd2-fuser,Java,34943,17,6,public,6,17
29,nasa,autodoc,,5500,106,61,public,61,106
30,nasa,BGA,,20575,8,0,public,0,8
31,nasa,bingo,Python,5475,41,28,public,28,41
32,nasa,bingocpp,C++,1022,12,6,public,6,12
33,nasa,bp,C,102,3,3,public,3,3
34,nasa,bplib,C,5796,25,13,public,13,25
35,nasa,BrightComets,Python,223109,18,10,public,10,18
36,nasa,camel,Python,72,0,1,public,1,0
37,nasa,cape,Python,56745,17,7,public,7,17
38,nasa,cape-doc,,12934,3,0,public,0,3
39,nasa,CARA_Analysis_Tools,MATLAB,34171,42,24,public,24,42
40,nasa,cash,Shell,1232,18,27,public,27,18
41,nasa,CCDD,Java,635562,75,31,public,31,75
42,nasa,ccmc-swpc-cat-web,Python,42,6,1,public,1,6
43,nasa,CCSDS-MAL-Http-Binding-Xml-Encoding,Java,192,3,6,public,6,3
44,nasa,CertWare,Java,794122,46,37,public,37,46
45,nasa,CF,C,12338,54,42,public,42,54
46,nasa,cfdtools,Fortran,9771,45,11,public,11,45
47,nasa,cFE,C,47892,357,185,public,185,357
48,nasa,CFL3D,Fortran,119552,260,170,public,170,260
49,nasa,cFS,CMake,7291,567,190,public,190,567
50,nasa,CFS-101,,9550757,66,14,public,14,66
51,nasa,cFS-EDS-GroundStation,Python,835,16,4,public,4,16
52,nasa,cFS-GroundSystem,Python,524,71,56,public,56,71
53,nasa,CFS_CI,C,2276,10,13,public,13,10
54,nasa,CFS_IO_LIB,C,2419,17,14,public,14,17
55,nasa,cfs_lib,C,10,15,10,public,10,15
56,nasa,CFS_TO,C,2308,10,16,public,16,10
57,nasa,channel-emulator,C++,2204,66,26,public,26,66
58,nasa,ci_lab,C,210,24,31,public,31,24
59,nasa,cmr-csw,Ruby,7547,9,13,public,13,9
60,nasa,cmr-dummy-repo,,0,2,0,public,0,2
61,nasa,cmr-graphql,JavaScript,13661,10,4,public,4,10
62,nasa,cmr-metadata-review,Ruby,10115,21,13,public,13,21
63,nasa,cmr-opensearch,Ruby,34025,18,28,public,28,18
64,nasa,cmr-stac,TypeScript,7247,42,21,public,21,42
65,nasa,coda,,0,1,0,public,0,1
66,nasa,code-nasa-gov,CSS,32430,238,81,public,81,238
67,nasa,code.nasa.gov_legacy,CSS,244,29,32,public,32,29
68,nasa,common-mapping-client,JavaScript,31357,62,31,public,31,62
69,nasa,Common-Metadata-Repository,Clojure,56604,319,96,public,96,319
70,nasa,CompDam_DGD,Fortran,1281,100,59,public,59,100
71,nasa,Computational-Materials-Miniapp1,,3231,3,4,public,4,3
72,nasa,concept-tagging-api,Python,187,15,9,public,9,15
73,nasa,concept-tagging-training,Python,241,14,9,public,9,14
74,nasa,conduit_cms,,1,4,2,public,2,4
75,nasa,content-guide,CSS,941,4,4,public,4,4
76,nasa,Coordinate-systems-class-library,C++,197,25,8,public,8,25
77,nasa,COTS-Star-Tracker,Python,5183,29,6,public,6,29
78,nasa,CPB,,0,2,0,public,0,2
79,nasa,cpr,OCaml,840,11,4,public,4,11
80,nasa,cratous,C,160,7,6,public,6,7
81,nasa,crew-state-risk-model,,0,2,0,public,0,2
82,nasa,CrisisMappingToolkit,Python,1320,183,78,public,78,183
83,nasa,CryptoLib,C,2645,53,23,public,23,53
84,nasa,CS,C,12201,25,29,public,29,25
85,nasa,CTF,Python,39984,20,6,public,6,20
86,nasa,CTT,Apex,29299,6,1,public,1,6
87,nasa,cumulus,JavaScript,233928,237,107,public,107,237
88,nasa,cumulus-api,HTML,2223,15,8,public,8,15
89,nasa,cumulus-circleci-image,Shell,30,3,5,public,5,3
90,nasa,cumulus-dashboard,JavaScript,17899,60,34,public,34,60
91,nasa,cumulus-distribution-api,JavaScript,278,4,3,public,3,4
92,nasa,cumulus-docs,JavaScript,2197,4,6,public,6,4
93,nasa,cumulus-ecs-task,JavaScript,505,6,7,public,7,6
94,nasa,cumulus-ecs-task-python,Python,13,5,5,public,5,5
95,nasa,cumulus-integration-tests,JavaScript,15032,5,4,public,4,5
96,nasa,cumulus-message-adapter,Python,734,9,11,public,11,9
97,nasa,cumulus-message-adapter-java,Java,197,8,10,public,10,8
98,nasa,cumulus-message-adapter-js,JavaScript,1050,4,8,public,8,4
99,nasa,cumulus-message-adapter-python,Python,168,5,9,public,9,5
100,nasa,cumulus-orca,Python,20595,17,17,public,17,17
101,nasa,cumulus-process-py,Python,400,5,10,public,10,5
102,nasa,cumulus-process-py-seed,Python,19,2,6,public,6,2
103,nasa,cumulus-template-deploy,HCL,20843,8,12,public,12,8
104,nasa,CVAE,,0,2,0,public,0,2
105,nasa,daa-displays,TypeScript,224897,34,13,public,13,34
106,nasa,dagvision,,0,1,0,public,0,1
107,nasa,daidalus,C++,30149,46,13,public,13,46
108,nasa,data-nasa-gov-frontpage,SCSS,4960,9,10,public,10,9
109,nasa,data.nasa.gov,CSS,397,30,34,public,34,30
110,nasa,DAVEtools,Java,65944,30,22,public,22,30
111,nasa,dawn-grand-toolbox,IDL,121,5,2,public,2,5
112,nasa,dcapp,C++,25984,3,0,public,0,3
113,nasa,DdsJs,C++,129,6,2,public,2,6
114,nasa,delete,,0,4,0,public,0,4
115,nasa,delta,Python,10358,187,62,public,62,187
116,nasa,denem,,0,2,0,public,0,2
117,nasa,DERT,Java,422854,141,66,public,66,141
118,nasa,dictionaries,HTML,23287,55,32,public,32,55
119,nasa,digital-strategy,HTML,297,38,35,public,35,38
120,nasa,DON-Federate-HLA2MPC,HTML,206,4,6,public,6,4
121,nasa,dorado-scheduling,Python,13530,16,7,public,7,16
122,nasa,dorado-sensitivity,Jupyter Notebook,495,6,1,public,1,6
123,nasa,dorado-streamlit,Python,349,3,1,public,1,3
124,nasa,drf,,0,2,0,public,0,2
125,nasa,DS,C,17320,38,29,public,29,38
126,nasa,dss,Python,15528,5,1,public,1,5
127,nasa,DTN-Network-Monitoring,,0,2,0,public,0,2
128,nasa,DTNME,C++,3671,14,8,public,8,14
129,nasa,DualPol,Jupyter Notebook,4430,37,37,public,37,37
130,nasa,EADINLite,C++,3244,51,31,public,31,51
131,nasa,earth-imagery-api,Python,1644,10,2,public,2,10
132,nasa,Earthdata-cloud-hub,Jupyter Notebook,11469,7,5,public,5,7
133,nasa,earthdata-download,TypeScript,9060,14,6,public,6,14
134,nasa,earthdata-search,JavaScript,180377,700,226,public,226,700
135,nasa,earthdata-varinfo,Python,2710,8,2,public,2,8
136,nasa,ecco-interactive-solution-evaluator,JavaScript,15502,4,0,public,0,4
137,nasa,ECI,C,1929,32,14,public,14,32
138,nasa,ECOSTRESS-Data-Resources,,13,4,0,public,0,4
139,nasa,edsc-echoforms,JavaScript,44598,9,20,public,20,9
140,nasa,edsc-geo,JavaScript,792,5,13,public,13,5
141,nasa,edsc-smart-handoffs,JavaScript,832,4,1,public,1,4
142,nasa,edsc-timeline,JavaScript,12921,19,12,public,12,19
143,nasa,EdsLib,C,1722,21,12,public,12,21
144,nasa,eefs,C,387,232,94,public,94,232
145,nasa,elf2cfetbl,C,240,23,26,public,26,23
146,nasa,EMIT-Data-Resources,HTML,60543,52,36,public,36,52
147,nasa,EMTAT,MATLAB,17087,17,14,public,14,17
148,nasa,EMTG,C++,24312,28,13,public,13,28
149,nasa,eo-metadata-tools,Python,221,25,12,public,12,25
150,nasa,ESPRESSO,,0,5,4,public,4,5
151,nasa,europa,C++,38043,207,72,public,72,207
152,nasa,exoplnt-dl,,0,2,0,public,0,2
153,nasa,exoscene,Jupyter Notebook,29638,6,1,public,1,6
154,nasa,fe3,,457,3,0,public,0,3
155,nasa,feature_selection_tool,Python,18,1,0,public,0,1
156,nasa,FEI,Java,11112,4,5,public,5,4
157,nasa,Field-Data-Collector,,0,3,0,public,0,3
158,nasa,FM,C,19350,38,26,public,26,38
159,nasa,fmdtools,Python,223565,16,5,public,5,16
160,nasa,fprime,C++,330784,9532,1230,public,1230,9532
161,nasa,FPRoCK,Python,144,12,6,public,6,12
162,nasa,fs_lib,,0,3,0,public,0,3
163,nasa,GEDI-Data-Resources,Jupyter Notebook,24495,9,7,public,7,9
164,nasa,GeneLab-sampleProcessing,,154715,10,9,public,9,10
165,nasa,GeneLab-Training,HTML,138205,21,5,public,5,21
166,nasa,GeneLab_Data_Processing,Jupyter Notebook,189364,44,31,public,31,44
167,nasa,gen_msgids,C,97,6,2,public,2,6
168,nasa,gen_sch_tbl,C,100,7,3,public,3,7
169,nasa,geolambda,Python,44,4,4,public,4,4
170,nasa,georef,Python,48406,7,3,public,3,7
171,nasa,georef_deploy,Ruby,620,2,5,public,5,2
172,nasa,georef_geocamtiepoint,Python,6147,4,8,public,8,4
173,nasa,georef_geocamutilweb,Python,1634,3,7,public,7,3
174,nasa,georef_imageregistration,Python,229,16,11,public,11,16
175,nasa,gesdisc-cloud-tutorials,Jupyter Notebook,10785,9,42,public,42,9
176,nasa,gesdisc-meditor,TypeScript,45572,7,1,public,1,7
177,nasa,gesdisc-tutorials,Jupyter Notebook,6601,13,6,public,6,13
178,nasa,GFR,Fortran,6038,53,41,public,41,53
179,nasa,gFTL,Fortran,137,27,10,public,10,27
180,nasa,GHRC-FieldCampaign-eXplorer-core,Python,2207,1,0,public,0,1
181,nasa,GHRC-FieldCampaign-eXplorer-UI,JavaScript,12939,1,1,public,1,1
182,nasa,giant,Python,16446,20,7,public,7,20
183,nasa,Giovanni,Perl,254396,4,6,public,6,4
184,nasa,github-latest-commits-widget,JavaScript,129,13,19,public,19,13
185,nasa,GlennOPT,Python,28831,15,8,public,8,15
186,nasa,glm_ql,Python,19,3,5,public,5,3
187,nasa,GMSEC_API,C++,8197,15,3,public,3,15
188,nasa,GPU_SDR,HTML,29834,12,8,public,8,12
189,nasa,grc-atf-kms-tools,Python,2,2,0,public,0,2
190,nasa,grc-atf-meza-config,,0,2,0,public,0,2
191,nasa,GRC-LunarSiteAvailabilitySoftware-Data,,0,2,0,public,0,2
192,nasa,GSAP,C++,14843,19,6,public,6,19
193,nasa,GTM_DesignSim,MATLAB,2859,56,41,public,41,56
194,nasa,gunns,C++,7341,31,9,public,9,31
195,nasa,harmony,TypeScript,34579,57,38,public,38,57
196,nasa,harmony-dttb,,0,1,0,public,0,1
197,nasa,harmony-gdal-adapter,Python,293808,4,4,public,4,4
198,nasa,harmony-maskfill,,0,1,0,public,0,1
199,nasa,harmony-netcdf-to-zarr,Python,544,13,11,public,11,13
200,nasa,harmony-opendap-subsetter,,0,2,0,public,0,2
201,nasa,harmony-py,Python,2035,40,16,public,16,40
202,nasa,harmony-qgis,Python,2043,3,0,public,0,3
203,nasa,harmony-regression-tests,Jupyter Notebook,335015,4,3,public,3,4
204,nasa,harmony-service-example,Python,89,5,5,public,5,5
205,nasa,harmony-service-lib-py,Python,335,9,5,public,5,9
206,nasa,harmony-swath-projector,,0,1,0,public,0,1
207,nasa,harmony-trajectory-subsetter,,0,1,0,public,0,1
208,nasa,HDTN,C++,21331,45,18,public,18,45
209,nasa,HDTN-BPCodec,C++,28,8,4,public,4,8
210,nasa,HECC-Data,,0,2,0,public,0,2
211,nasa,HK,C,10209,30,29,public,29,30
212,nasa,HLS-Data-Resources,Jupyter Notebook,13032,7,4,public,4,7
213,nasa,HS,C,14228,32,24,public,24,32
214,nasa,hybridq,Python,7025,49,14,public,14,49
215,nasa,HyperCP,Python,160786,24,16,public,16,24
216,nasa,icarous,C,130838,147,72,public,72,147
217,nasa,icc,MATLAB,23560,5,1,public,1,5
218,nasa,idas-test,,0,1,0,public,0,1
219,nasa,IDEAS,,303,4,0,public,0,4
220,nasa,IDF,C++,44407,78,41,public,41,78
221,nasa,instructions,HTML,12097,315,61,public,61,315
222,nasa,ipv6_python,Python,36,47,32,public,32,47
223,nasa,irg_open,C++,1817,7,4,public,4,7
224,nasa,isaac,C++,51053,31,18,public,18,31
225,nasa,isaac_msgs,CMake,6446,6,4,public,4,6
226,nasa,isaac_user_interface,JavaScript,65826,12,8,public,8,12
227,nasa,isce3-test,,0,1,0,public,0,1
228,nasa,isle,JavaScript,1065,213,49,public,49,213
229,nasa,ISS_Camera_Geolocate,Jupyter Notebook,3999,27,22,public,22,27
230,nasa,jeod,C++,1019271,16,0,public,0,16
231,nasa,JHU-PIV-data,HTML,214378,6,1,public,1,6
232,nasa,K2CE,Python,4613,7,6,public,6,7
233,nasa,Kamodo,Jupyter Notebook,209008,44,24,public,24,44
234,nasa,Kamodo-core,Python,10507,2,0,public,0,2
235,nasa,Kepler-FLTI,Python,46068,7,9,public,9,7
236,nasa,kepler-pipeline,C,171527,85,23,public,23,85
237,nasa,Kepler-PyKE,Python,184,4,4,public,4,4
238,nasa,kepler-robovetter,C++,148454,30,11,public,11,30
239,nasa,KeplerPORTs,Python,2193,18,12,public,12,18
240,nasa,knife,C,728,14,9,public,9,14
241,nasa,Kodiak,C++,12837,103,37,public,37,103
242,nasa,koviz,C++,9559,13,9,public,9,13
243,nasa,lager,C++,299,7,3,public,3,7
244,nasa,LC,C,28612,24,24,public,24,24
245,nasa,legacy-mars-global-climate-model,Jupyter Notebook,28092,26,10,public,10,26
246,nasa,LH2Sim,Matlab,655,15,11,public,11,15
247,nasa,LHASA,Python,46916,30,15,public,15,30
248,nasa,Li-ion-Battery-Prognosis-Based-on-Hybrid-Bayesian-PINN,Python,82,8,1,public,1,8
249,nasa,libSPRITE,C++,6873,57,30,public,30,57
250,nasa,Lightkurve,Python,91015,11,2,public,2,11
251,nasa,Loupe,Python,2883,2,0,public,0,2
252,nasa,Low-Surface-Brightness-Extragalactic-Science,,0,1,0,public,0,1
253,nasa,LPDAAC-Data-Resources,Jupyter Notebook,24323,10,2,public,2,10
254,nasa,LSDAO,Makefile,1500,1,2,public,2,1
255,nasa,maestro,,0,2,0,public,0,2
256,nasa,MAV,Limbo,6638,11,11,public,11,11
257,nasa,MCMCPy,OpenEdge ABL,323,12,6,public,6,12
258,nasa,MCT-Plugins,Java,10559,35,29,public,29,35
259,nasa,MD,C,13400,19,22,public,22,19
260,nasa,MDE-SDK,,0,2,0,public,0,2
261,nasa,meshNetwork,C++,4796,131,38,public,38,131
262,nasa,meza,JavaScript,11171,12,5,public,5,12
263,nasa,MFISPy,Python,99,6,0,public,0,6
264,nasa,mika,,11030,1,1,public,1,1
265,nasa,MiniWall,JavaScript,349011,15,4,public,4,15
266,nasa,MINX,Prolog,123322,12,10,public,10,12
267,nasa,MISR-Toolkit,C,50113,21,18,public,18,21
268,nasa,MISR-View,IDL,13567,8,4,public,4,8
269,nasa,mission-viz,HTML,5762,7,1,public,1,7
270,nasa,Mixed-Reality-Exploration-Toolkit,C#,587044,28,14,public,14,28
271,nasa,ML-airport-arrival-runway,Python,3745,7,0,public,0,7
272,nasa,ML-airport-configuration,Python,10103,17,4,public,4,17
273,nasa,ML-airport-data-services,Python,10180,3,2,public,2,3
274,nasa,ML-airport-departure-runway,Python,10135,5,2,public,2,5
275,nasa,ML-airport-estimated-ON,Python,25056,4,0,public,0,4
276,nasa,ML-airport-taxi-in,Python,10162,4,1,public,1,4
277,nasa,ML-airport-taxi-out,Python,13497,33,3,public,3,33
278,nasa,MLMCPy,Python,1382,51,17,public,17,51
279,nasa,MM,C,13964,23,25,public,25,23
280,nasa,MMM-Py,Jupyter Notebook,46931,48,32,public,32,48
281,nasa,mmt,Ruby,26819,86,45,public,45,86
282,nasa,modisconverter,Python,55,2,1,public,1,2
283,nasa,MOSAIC,Python,24462,26,4,public,4,26
284,nasa,MPEC,,19207,2,0,public,0,2
285,nasa,mplStyle,Python,785,43,23,public,23,43
286,nasa,MPplugin,,0,2,0,public,0,2
287,nasa,MSF-BE,,0,2,0,public,0,2
288,nasa,Multi-Process-Proxy,C,90,2,0,public,0,2
289,nasa,Multi-Process-Proxy-Client,C,271,2,0,public,0,2
290,nasa,Multi-Process-Proxy-Events,C,74,1,0,public,0,1
291,nasa,MultiDop,C,32112,37,36,public,36,37
292,nasa,multipath-tcp-tools,C++,194996,50,20,public,20,50
293,nasa,MXMCPy,Python,1760,10,1,public,1,10
294,nasa,nasa,,13,2,0,public,0,2
295,nasa,NASA-3D-Resources,Mathematica,2291566,2804,440,public,440,2804
296,nasa,NASA-Acronyms,JavaScript,191776,72,26,public,26,72
297,nasa,nasa-data-vis,,0,3,0,public,0,3
298,nasa,nasa-interuss,,14388,3,0,public,0,3
299,nasa,nasa-latex-docs,TeX,8990,201,87,public,87,201
300,nasa,NASA-Space-Weather-Media-Viewer,,11878,52,28,public,28,52
301,nasa,NASAaccess,R,10490,69,24,public,24,69
302,nasa,nasapress,PHP,13488,78,28,public,28,78
303,nasa,nasapress-companion,PHP,23,7,7,public,7,7
304,nasa,nasawds-old,JavaScript,59313,30,8,public,8,30
305,nasa,nasawds-site,HTML,34381,5,5,public,5,5
306,nasa,NASMAT,,0,2,0,public,0,2
307,nasa,NASTRAN-93,FORTRAN,86429,134,72,public,72,134
308,nasa,NASTRAN-95,FORTRAN,87810,386,207,public,207,386
309,nasa,ncompare,Python,358,5,4,public,4,5
310,nasa,NEO,,0,2,0,public,0,2
311,nasa,nos3,C,128453,262,64,public,64,262
312,nasa,now-in-space,Vue,27411,3,2,public,2,3
313,nasa,NPSS-Power-System-Library,PLSQL,2186,26,22,public,22,26
314,nasa,OED-with-NN-surrogates,R,172467,5,0,public,0,5
315,nasa,ogma,Haskell,29772,291,21,public,21,291
316,nasa,ominas,IDL,1183194,15,5,public,5,15
317,nasa,ominas_maps,,408062,3,3,public,3,3
318,nasa,OnAIR,Python,60164,21,2,public,2,21
319,nasa,Open-Gov-Plan-v4,,118,7,12,public,12,7
320,nasa,open-science-tools,,0,3,0,public,0,3
321,nasa,Open-Source-Catalog,JavaScript,13432,259,129,public,129,259
322,nasa,openmct,JavaScript,78330,11032,1235,public,1235,11032
323,nasa,openmct-demo,CSS,35,27,23,public,23,27
324,nasa,openmct-heatmap,JavaScript,181,9,7,public,7,9
325,nasa,openmct-hello,JavaScript,1305,11,5,public,5,11
326,nasa,openmct-legacy-plugin,JavaScript,557,3,1,public,1,3
327,nasa,openmct-map,JavaScript,1495,14,10,public,10,14
328,nasa,openmct-python-view-generator,,0,2,0,public,0,2
329,nasa,openmct-tutorial,JavaScript,498,200,106,public,106,200
330,nasa,OpenMDAO-Framework,Python,92883,139,37,public,37,139
331,nasa,OpenSPIFe,Java,138457,95,64,public,64,95
332,nasa,OpenVSP,C++,2634,74,47,public,47,74
333,nasa,OpenVSP3Plugin,Java,2479,20,8,public,8,20
334,nasa,opera-sds,,394,2,1,public,1,2
335,nasa,opera-sds-bach-api,Python,3211,6,1,public,1,6
336,nasa,opera-sds-bach-ui,JavaScript,1478,3,1,public,1,3
337,nasa,opera-sds-int,Python,884,4,1,public,1,4
338,nasa,opera-sds-lambdas,Python,110,4,2,public,2,4
339,nasa,opera-sds-ops,Python,67,3,2,public,2,3
340,nasa,opera-sds-pcm,Python,511963,13,10,public,10,13
341,nasa,opera-sds-pge,Jinja,13049,15,6,public,6,15
342,nasa,opera-sds-sys,Python,24,1,1,public,1,1
343,nasa,OpticalConstantDatabase,,0,1,0,public,0,1
344,nasa,osal,C,13180,476,199,public,199,476
345,nasa,OSS,JavaScript,618,0,0,public,0,0
346,nasa,Oversight,Python,1456,12,3,public,3,12
347,nasa,ow_autonomy,C++,1938,21,9,public,9,21
348,nasa,ow_enceladus,,0,3,0,public,0,3
349,nasa,ow_europa,GLSL,73614,10,1,public,1,10
350,nasa,ow_simulator,Python,45227,136,38,public,38,136
351,nasa,PanNDE,C++,6888,9,3,public,3,9
352,nasa,pato,Roff,87791,8,1,public,1,8
353,nasa,pbs4py,Python,344,7,1,public,1,7
354,nasa,pclam,Python,180,1,1,public,1,1
355,nasa,perfutils-java,,2,6,2,public,2,6
356,nasa,pigans-material-ID,Python,85592,10,8,public,8,10
357,nasa,PLEXIL5,Java,14180,15,9,public,9,15
358,nasa,Plot3D_utilities,Jupyter Notebook,130247,26,10,public,10,26
359,nasa,podaacpy,Python,1282,71,45,public,45,71
360,nasa,podaac_tools_and_services,Python,15115,43,31,public,31,43
361,nasa,PoDS,,0,2,0,public,0,2
362,nasa,PointCloudsVR,C++,16266,72,7,public,7,72
363,nasa,PolyCARP,HTML,2747,34,27,public,27,34
364,nasa,polyfit,C++,8,25,11,public,11,25
365,nasa,Practical-Micromechanics,MATLAB,296,15,14,public,14,15
366,nasa,PRECiSA,Haskell,8999,42,13,public,13,42
367,nasa,pretrained-microscopy-models,Python,43858,40,7,public,7,40
368,nasa,PrognosticsAlgorithmLibrary,MATLAB,734,103,94,public,94,103
369,nasa,PrognosticsMetricsLibrary,MATLAB,34,25,11,public,11,25
370,nasa,PrognosticsModelLibrary,MATLAB,462,88,64,public,64,88
371,nasa,progpy,Jupyter Notebook,22465,10,2,public,2,10
372,nasa,prog_algs,,4667,52,22,public,22,52
373,nasa,prog_models,Python,12681,119,54,public,54,119
374,nasa,prog_server,Python,1387,6,4,public,4,6
375,nasa,PROTEUS,Python,154,15,9,public,9,15
376,nasa,PSP,C,1413,65,48,public,48,65
377,nasa,puma,C++,91498,44,21,public,21,44
378,nasa,puppies,,0,2,0,public,0,2
379,nasa,PVS-ANTLR,Java,125,3,0,public,0,3
380,nasa,pvslib,Common Lisp,79646,186,55,public,55,186
381,nasa,PyAMPR,Jupyter Notebook,22830,22,25,public,25,22
382,nasa,PyBlock,Jupyter Notebook,1890,35,23,public,23,35
383,nasa,pyCMR,Python,225,21,17,public,17,21
384,nasa,pycomdes-gui,,0,2,0,public,0,2
385,nasa,pycomdes-lib,,0,2,0,public,0,2
386,nasa,PyGNSS,Jupyter Notebook,5734,13,3,public,3,13
387,nasa,pymdptoolbox,Python,466,29,31,public,31,29
388,nasa,PyMKAD,Python,1086,7,4,public,4,7
389,nasa,pyrefine,Python,477,13,0,public,0,13
390,nasa,PySA,Jupyter Notebook,24181,23,5,public,5,23
391,nasa,PyTDA,Jupyter Notebook,428,78,61,public,61,78
392,nasa,python_cmr,Python,1041,16,7,public,7,16
393,nasa,pyturbo-aero,Jupyter Notebook,12286,16,3,public,3,16
394,nasa,QuIP,C,20238,118,34,public,34,118
395,nasa,radbelt,Python,182,16,8,public,8,16
396,nasa,Rapid-Model-Import-Tool,Python,136876,6,0,public,0,6
397,nasa,rbf,Fortran,2179,15,10,public,10,15
398,nasa,refine,C,11712,59,20,public,20,59
399,nasa,Reinforcement-Learning-Benchmarking,Shell,16,9,3,public,3,9
400,nasa,resample_GLISTIN_DEMs,Python,7692,8,2,public,2,8
401,nasa,RHEAS,Python,304227,72,63,public,63,72
402,nasa,rjnieves-open-repo,,0,3,0,public,0,3
403,nasa,ROSES-Compliance-Checking-Tools,Python,92,5,1,public,1,5
404,nasa,rtap,,0,2,0,public,0,2
405,nasa,RtRetrievalFramework,C++,714574,42,41,public,41,42
406,nasa,RtRetrievalFrameworkDoc,Python,1048,5,13,public,13,5
407,nasa,russ-open-source,,0,3,0,public,0,3
408,nasa,RVLib,C++,434,23,13,public,13,23
409,nasa,S4P,Perl,920,3,0,public,0,3
410,nasa,S4PA,Perl,566,3,2,public,2,3
411,nasa,SAFE-DART,C++,89,9,5,public,5,9
412,nasa,SALaD,Python,61,16,7,public,7,16
413,nasa,sample_app,C,263,42,39,public,39,42
414,nasa,sample_lib,C,189,10,21,public,21,10
415,nasa,SBN,C,4334,34,22,public,22,34
416,nasa,SBN-Client,C,565,9,4,public,4,9
417,nasa,SC,C,11126,27,24,public,24,27
418,nasa,SCA,C,167,19,9,public,9,19
419,nasa,SCH,C,7797,23,31,public,31,23
420,nasa,sch_lab,C,216,17,33,public,33,17
421,nasa,scifen-solver,C,13749,8,5,public,5,8
422,nasa,scrub,Python,2793,33,15,public,15,33
423,nasa,SDN-HDTN,P4,24,2,1,public,1,2
424,nasa,Second-Generation-Beacon-Performance-Analysis-Test-Tools,MATLAB,10501,2,0,public,0,2
425,nasa,SGNDI,,118,5,0,public,0,5
426,nasa,shocktube,Python,25847,3,3,public,3,3
427,nasa,SIL,MATLAB,1123,16,12,public,12,16
428,nasa,simplegrid,Python,2064,5,1,public,1,5
429,nasa,simupy-flight,Python,63220,46,16,public,16,46
430,nasa,SingleDop,Jupyter Notebook,11159,48,42,public,42,48
431,nasa,SIRS,Jupyter Notebook,19862,4,3,public,3,4
432,nasa,sitepod,PHP,622,24,23,public,23,24
433,nasa,skeleton_app,C,11,8,8,public,8,8
434,nasa,SMCPy,Python,35212,73,24,public,24,73
435,nasa,smd-open-science-guidelines,,313,22,5,public,5,22
436,nasa,spaceapps,,2,19,0,public,0,19
437,nasa,spaceapps-phenomena_detection,Jupyter Notebook,391,17,5,public,5,17
438,nasa,spotthestation,,0,0,0,public,0,0
439,nasa,spotthestation-backend,,0,0,0,public,0,0
440,nasa,SROMPy,Python,12710,31,21,public,21,31
441,nasa,STEAM,Python,2050,4,0,public,0,4
442,nasa,StereoPipeline,C++,73033,78,31,public,31,78
443,nasa,STM-docs,,0,4,0,public,0,4
444,nasa,stol-mode,Emacs Lisp,494,3,1,public,1,3
445,nasa,Stratway,,0,3,0,public,0,3
446,nasa,svrstormsig,Python,20294,12,1,public,1,12
447,nasa,svs,,865,3,0,public,0,3
448,nasa,swSim,C++,1408,9,5,public,5,9
449,nasa,System_Monitor_for_Radiation_Testing,Python,10,11,0,public,0,11
450,nasa,T-MATS,HTML,15561,210,132,public,132,210
451,nasa,tblCRCTool,C,158,12,21,public,21,12
452,nasa,TCML,HTML,1114,12,7,public,7,12
453,nasa,TechPort,,0,1,0,public,0,1
454,nasa,terraform-aws-cumulus-thin-egress-app,HCL,7,2,0,public,0,2
455,nasa,test,HTML,1,4,2,public,2,4
456,nasa,test-repo,,0,2,0,public,0,2
457,nasa,Three-Dimensional-Nozzle-Design-Code,C++,14228,31,20,public,20,31
458,nasa,TLNS3D,Fortran,8067,44,31,public,31,44
459,nasa,TOPS,,0,1,0,public,0,1
460,nasa,to_lab,C,235,21,37,public,37,21
461,nasa,Transform-to-Open-Science,,86423,532,108,public,108,532
462,nasa,Transform-to-Open-Science-Book,,30965,15,13,public,13,15
463,nasa,trick,C++,92075,684,224,public,224,684
464,nasa,TrickFMI,C,886,18,16,public,16,18
465,nasa,TrickHLA,C++,20923,26,10,public,10,26
466,nasa,tricksbn,C,1059,2,0,public,0,2
467,nasa,tricksbn-demo,C,33567,1,0,public,0,1
468,nasa,trrac,Jupyter Notebook,12752,2,0,public,0,2
469,nasa,TSAT,HTML,9844,24,11,public,11,24
470,nasa,TTECTrA,,161,47,45,public,45,47
471,nasa,tvsio,C,1182,3,0,public,0,3
472,nasa,tvsio-demo,C,47191,1,0,public,0,1
473,nasa,uam-apis,Shell,23779,7,10,public,10,7
474,nasa,upsp-processing,C++,12439,14,0,public,0,14
475,nasa,UQ-Kernel-Mini-App,Python,219,2,2,public,2,2
476,nasa,UQPCE,Python,86237,22,7,public,7,22
477,nasa,utm-apis,,14939,54,34,public,34,54
478,nasa,utm-docs,Shell,8825,15,16,public,16,15
479,nasa,UWB-mesh-ranging,C,24127,6,2,public,2,6
480,nasa,VADER,JavaScript,292,17,28,public,28,17
481,nasa,VICAR,,53210,290,90,public,90,290
482,nasa,VIIRS-demo,,1044,1,0,public,0,1
483,nasa,VirtualADAPT,Matlab,1063,28,24,public,24,28
484,nasa,visionworkbench,C++,24861,264,67,public,67,264
485,nasa,VITALS,Jupyter Notebook,37,1,1,public,1,1
486,nasa,vscode-pvs,TypeScript,334522,37,9,public,9,37
487,nasa,vsm,Python,159,3,2,public,2,3
488,nasa,webgs,JavaScript,32226,19,10,public,10,19
489,nasa,WellClear,HTML,9757,46,58,public,58,46
490,nasa,WinASSIST,AMPL,4160,8,13,public,13,8
491,nasa,WinSURE,AMPL,114004,13,20,public,20,13
492,nasa,World-Wind-Java,C++,88323,328,172,public,172,328
493,nasa,WRF-Chem_DART,,0,2,1,public,1,2
494,nasa,xasgo,Julia,425875,5,3,public,3,5
495,nasa,XPlaneConnect,C,20998,536,270,public,270,536
496,nasa,zarr-eosdis-store,Jupyter Notebook,1617,13,5,public,5,13
497,nasa,ziggy,Java,22253,8,2,public,2,8
